web-scraper-order,web-scraper-start-url,links,links-href,Name,Phone,Address,Website,Website-href,Email,Email-href,Pages,Pages-href
"1649719871-67","https://www.yellowpages.com/search?search_terms=insurance&geo_location_terms=New+York%2C+NY","Kacey Padlo - State Farm Insurance Agent","https://www.yellowpages.com/jersey-city-nj/mip/kacey-padlo-state-farm-insurance-agent-563675020","Kacey Padlo - State Farm Insurance Agent","(201) 918-3793","419 Monmouth StJersey City, NJ 07302","Visit Website","https://coveredbykacey.com/","Email Business","mailto:kacey.padlo.vacbpn@statefarm.com","3","https://www.yellowpages.com/search?search_terms=insurance&geo_location_terms=New%20York%2C%20NY&page=3"
"1649719340-6","https://www.yellowpages.com/search?search_terms=insurance&geo_location_terms=New+York%2C+NY","Bodden Partners","https://www.yellowpages.com/new-york-ny/mip/bodden-partners-454757595","Bodden Partners","(212) 328-1111","102 Madison Ave Fl 7New York, NY 10016","Visit Website","http://www.boddenpartners.com/","Email Business","mailto:info@boddenpartners.com","5","https://www.yellowpages.com/search?search_terms=insurance&geo_location_terms=New%20York%2C%20NY&page=5"
"1649719940-72","https://www.yellowpages.com/search?search_terms=insurance&geo_location_terms=New+York%2C+NY","Virginia Chan - State Farm Insurance Agent","https://www.yellowpages.com/new-york-ny/mip/virginia-chan-state-farm-insurance-agent-532822775","Virginia Chan - State Farm Insurance Agent","(646) 781-9451","1015 Madison Ave Ste 503New York, NY 10075","Visit Website","https://www.madisonavenueinsurance.com/","Email Business","mailto:virginia@madisonavenueinsurance.com","3","https://www.yellowpages.com/search?search_terms=insurance&geo_location_terms=New%20York%2C%20NY&page=3"
"1649719684-44","https://www.yellowpages.com/search?search_terms=insurance&geo_location_terms=New+York%2C+NY","Seneca Insurance Company Inc","https://www.yellowpages.com/new-york-ny/mip/seneca-insurance-company-inc-542686926","Seneca Insurance Company Inc","(212) 422-7533","111 John StNew York, NY 10038","Visit Website","https://www.gafinsurance.com/","null","null","4","https://www.yellowpages.com/search?search_terms=insurance&geo_location_terms=New%20York%2C%20NY&page=4"
"1649719789-59","https://www.yellowpages.com/search?search_terms=insurance&geo_location_terms=New+York%2C+NY","Schaefer, Kevin, AGT","https://www.yellowpages.com/new-york-ny/mip/schaefer-kevin-agt-562118241","Schaefer, Kevin, AGT","(212) 267-7601","49 Nassau St Fl 2New York, NY 10038","Visit Website","https://agents.allstate.com/kevin-schaefer-new-york-ny.html","null","null","4","https://www.yellowpages.com/search?search_terms=insurance&geo_location_terms=New%20York%2C%20NY&page=4"
"1649719747-53","https://www.yellowpages.com/search?search_terms=insurance&geo_location_terms=New+York%2C+NY","Prime Time Insurance","https://www.yellowpages.com/new-york-ny/mip/prime-time-insurance-19159594","Prime Time Insurance","(212) 587-8609","11 E BroadwayNew York, NY 10038","Visit Website","http://www.progressive.com/","null","null","4","https://www.yellowpages.com/search?search_terms=insurance&geo_location_terms=New%20York%2C%20NY&page=4"
"1649720000-75","https://www.yellowpages.com/search?search_terms=insurance&geo_location_terms=New+York%2C+NY","Robert L Stevenson II - State Farm Insurance Agent","https://www.yellowpages.com/new-york-ny/mip/robert-l-stevenson-ii-state-farm-insurance-agent-557824974","Robert L Stevenson II - State Farm Insurance Agent","(212) 397-0580","850 7th Ave Ste 1005New York, NY 10019","Visit Website","https://www.robertlstevenson.com/","Email Business","mailto:robert@robertlstevenson.com","3","https://www.yellowpages.com/search?search_terms=insurance&geo_location_terms=New%20York%2C%20NY&page=3"
"1649719352-8","https://www.yellowpages.com/search?search_terms=insurance&geo_location_terms=New+York%2C+NY","Garnet Wilson Agency, LLC","https://www.yellowpages.com/new-york-ny/mip/garnet-wilson-agency-llc-6973293","Garnet Wilson Agency, LLC","(212) 802-7956","244 5th Ave Fl 2086New York, NY 10001","Visit Website","http://www.garnetwilsonagency.com/","null","null","5","https://www.yellowpages.com/search?search_terms=insurance&geo_location_terms=New%20York%2C%20NY&page=5"
"1649719715-49","https://www.yellowpages.com/search?search_terms=insurance&geo_location_terms=New+York%2C+NY","Sirius America","https://www.yellowpages.com/new-york-ny/mip/sirius-america-480178834","Sirius America","(212) 312-2500","140 BroadwayNew York, NY 10005","Visit Website","http://www.siriusamerica.com/","Email Business","mailto:info-ny@exposure.net","4","https://www.yellowpages.com/search?search_terms=insurance&geo_location_terms=New%20York%2C%20NY&page=4"
"1649719359-9","https://www.yellowpages.com/search?search_terms=insurance&geo_location_terms=New+York%2C+NY","American Family Celebration","https://www.yellowpages.com/new-york-ny/mip/american-family-celebration-460240997","American Family Celebration","(212) 206-1066","275 7th AveNew York, NY 10001","null","null","null","null","5","https://www.yellowpages.com/search?search_terms=insurance&geo_location_terms=New%20York%2C%20NY&page=5"
"1649719497-26","https://www.yellowpages.com/search?search_terms=insurance&geo_location_terms=New+York%2C+NY","Hanover Insurance Group","https://www.yellowpages.com/new-york-ny/mip/hanover-insurance-group-1643501","Hanover Insurance Group","(212) 709-2100","100 Wall St Ste 1401New York, NY 10005","Visit Website","http://www.ardcareers.com/","null","null","5","https://www.yellowpages.com/search?search_terms=insurance&geo_location_terms=New%20York%2C%20NY&page=5"
"1649719639-41","https://www.yellowpages.com/search?search_terms=insurance&geo_location_terms=New+York%2C+NY","Guardian Customer Response","https://www.yellowpages.com/new-york-ny/mip/guardian-customer-response-463039432","Guardian Customer Response","(212) 964-3449","116 John StNew York, NY 10038","null","null","null","null","4","https://www.yellowpages.com/search?search_terms=insurance&geo_location_terms=New%20York%2C%20NY&page=4"
"1649719707-48","https://www.yellowpages.com/search?search_terms=insurance&geo_location_terms=New+York%2C+NY","Dbrs","https://www.yellowpages.com/new-york-ny/mip/dbrs-507231508","Dbrs","(212) 806-3277","140 BroadwayNew York, NY 10005","Visit Website","http://www.dbrs.com/","null","null","4","https://www.yellowpages.com/search?search_terms=insurance&geo_location_terms=New%20York%2C%20NY&page=4"
"1649719506-27","https://www.yellowpages.com/search?search_terms=insurance&geo_location_terms=New+York%2C+NY","Prudential Insurance Company","https://www.yellowpages.com/new-york-ny/mip/prudential-insurance-company-12486459","Prudential Insurance Company","(212) 964-0073","103 E BroadwayNew York, NY 10002","Visit Website","http://www.prudential.com/","null","null","5","https://www.yellowpages.com/search?search_terms=insurance&geo_location_terms=New%20York%2C%20NY&page=5"
"1649720082-85","https://www.yellowpages.com/search?search_terms=insurance&geo_location_terms=New+York%2C+NY","Parker Brokerage","https://www.yellowpages.com/new-york-ny/mip/parker-brokerage-11558986","Parker Brokerage","(212) 252-7100","116 E 27th St Fl 9New York, NY 10016","Visit Website","http://mogil.com/","null","null","3","https://www.yellowpages.com/search?search_terms=insurance&geo_location_terms=New%20York%2C%20NY&page=3"
"1649719478-23","https://www.yellowpages.com/search?search_terms=insurance&geo_location_terms=New+York%2C+NY","Bowman E G & Co","https://www.yellowpages.com/new-york-ny/mip/bowman-e-g-co-475918201","Bowman E G & Co","(212) 425-8150","97 Wall StNew York, NY 10005","Visit Website","http://www.egbowman.com/","Email Business","mailto:info@egbowman.com","5","https://www.yellowpages.com/search?search_terms=insurance&geo_location_terms=New%20York%2C%20NY&page=5"
"1649719391-13","https://www.yellowpages.com/search?search_terms=insurance&geo_location_terms=New+York%2C+NY","VillageCareMAX","https://www.yellowpages.com/new-york-ny/mip/villagecaremax-11036932","VillageCareMAX","(800) 469-6292","112 Charles StNew York, NY 10014","Visit Website","https://www.villagecaremax.org/","Email Business","mailto:info@vcny.org","5","https://www.yellowpages.com/search?search_terms=insurance&geo_location_terms=New%20York%2C%20NY&page=5"
"1649719326-4","https://www.yellowpages.com/search?search_terms=insurance&geo_location_terms=New+York%2C+NY","Precise Leads Inc","https://www.yellowpages.com/new-york-ny/mip/precise-leads-inc-473084254","Precise Leads Inc","(646) 649-9900","227 W 29th StNew York, NY 10001","Visit Website","http://www.preciseleads.com/","null","null","5","https://www.yellowpages.com/search?search_terms=insurance&geo_location_terms=New%20York%2C%20NY&page=5"
"1649720033-79","https://www.yellowpages.com/search?search_terms=insurance&geo_location_terms=New+York%2C+NY","Taylor & Taylor Ltd","https://www.yellowpages.com/new-york-ny/mip/taylor-taylor-ltd-8463335","Taylor & Taylor Ltd","(212) 490-0370","16 E 40th St Fl 11New York, NY 10016","Visit Website","http://www.taylorinsurance.com/","null","null","3","https://www.yellowpages.com/search?search_terms=insurance&geo_location_terms=New%20York%2C%20NY&page=3"
"1649720018-77","https://www.yellowpages.com/search?search_terms=insurance&geo_location_terms=New+York%2C+NY","Allstate Insurance: Kelly Qu","https://www.yellowpages.com/new-york-ny/mip/allstate-insurance-kelly-qu-533335514","Allstate Insurance: Kelly Qu","(718) 865-8458","50 E 42nd St Rm 513New York, NY 10017","Visit Website","https://agents.allstate.com/kelly-qu-new-york-ny.html","Email Business","mailto:kellyqu@allstate.com","3","https://www.yellowpages.com/search?search_terms=insurance&geo_location_terms=New%20York%2C%20NY&page=3"
"1649719689-45","https://www.yellowpages.com/search?search_terms=insurance&geo_location_terms=New+York%2C+NY","MetLife","https://www.yellowpages.com/new-york-ny/mip/metlife-456153038","MetLife","(212) 431-3381","185 Canal StNew York, NY 10013","Visit Website","http://www.metlife.com/","null","null","4","https://www.yellowpages.com/search?search_terms=insurance&geo_location_terms=New%20York%2C%20NY&page=4"
"1649719521-29","https://www.yellowpages.com/search?search_terms=insurance&geo_location_terms=New+York%2C+NY","QBE Insurance Corporation","https://www.yellowpages.com/new-york-ny/mip/qbe-insurance-corporation-544523815","QBE Insurance Corporation","(212) 422-1212","88 Pine StNew York, NY 10005","Visit Website","http://group.qbe.com/","Email Business","mailto:rebecca.dresner@us.qbe.com","5","https://www.yellowpages.com/search?search_terms=insurance&geo_location_terms=New%20York%2C%20NY&page=5"
"1649720049-81","https://www.yellowpages.com/search?search_terms=insurance&geo_location_terms=New+York%2C+NY","Allstate Insurance Agent: Brian Boyd","https://www.yellowpages.com/new-york-ny/mip/allstate-insurance-agent-brian-boyd-544305663","Allstate Insurance Agent: Brian Boyd","(212) 686-1200","8 W 38th St Rm 1001New York, NY 10018","null","null","Email Business","mailto:brianboyd@allstate.com","3","https://www.yellowpages.com/search?search_terms=insurance&geo_location_terms=New%20York%2C%20NY&page=3"
"1649719645-42","https://www.yellowpages.com/search?search_terms=insurance&geo_location_terms=New+York%2C+NY","Thornton Tomasetti, Inc","https://www.yellowpages.com/new-york-ny/mip/thornton-tomasetti-inc-479802611","Thornton Tomasetti, Inc","(212) 655-2000","120 BroadwayNew York, NY 10271","Visit Website","http://www.thorntontomasetti.com/","Email Business","mailto:twrclaims@twrgrp.com","4","https://www.yellowpages.com/search?search_terms=insurance&geo_location_terms=New%20York%2C%20NY&page=4"
"1649719762-55","https://www.yellowpages.com/search?search_terms=insurance&geo_location_terms=New+York%2C+NY","New York Automobile Ins","https://www.yellowpages.com/new-york-ny/mip/new-york-automobile-ins-8542950","New York Automobile Ins","(212) 208-9700","100 William StNew York, NY 10038","Visit Website","http://www.nypiua.com/","Email Business","mailto:cdichiara@nypiua.com","4","https://www.yellowpages.com/search?search_terms=insurance&geo_location_terms=New%20York%2C%20NY&page=4"
"1649720027-78","https://www.yellowpages.com/search?search_terms=insurance&geo_location_terms=New+York%2C+NY","Chris Lavelle - State Farm Insurance Agent","https://www.yellowpages.com/new-york-ny/mip/chris-lavelle-state-farm-insurance-agent-557858636","Chris Lavelle - State Farm Insurance Agent","(332) 214-3299","483 10th Ave Rm 200aNew York, NY 10018","null","null","null","null","3","https://www.yellowpages.com/search?search_terms=insurance&geo_location_terms=New%20York%2C%20NY&page=3"
"1649720104-87","https://www.yellowpages.com/search?search_terms=insurance&geo_location_terms=New+York%2C+NY","AMERICAN INVESTORS Insurance","https://www.yellowpages.com/new-york-ny/mip/american-investors-insurance-537927600","AMERICAN INVESTORS Insurance","(888) 359-1395","175 5th AveNew York, NY 10010","Visit Website","http://www.americaninvestorsinsurance.com/","Email Business","mailto:support@Americaninvestorsinsurance.com","3","https://www.yellowpages.com/search?search_terms=insurance&geo_location_terms=New%20York%2C%20NY&page=3"
"1649719756-54","https://www.yellowpages.com/search?search_terms=insurance&geo_location_terms=New+York%2C+NY","LifeStance Health","https://www.yellowpages.com/new-york-ny/mip/lifestance-health-481999456","LifeStance Health","(845) 279-5908","150 Broadway Rm 502New York, NY 10038","Visit Website","https://lifestance.com/location/new-york-ny-150-broadway","Email Business","mailto:i.nguyen-baumel.1@alumni.nyu.edu","4","https://www.yellowpages.com/search?search_terms=insurance&geo_location_terms=New%20York%2C%20NY&page=4"
"1649720065-83","https://www.yellowpages.com/search?search_terms=insurance&geo_location_terms=New+York%2C+NY","Robert Ramos - State Farm Insurance Agent","https://www.yellowpages.com/new-york-ny/mip/robert-ramos-state-farm-insurance-agent-546124101","Robert Ramos - State Farm Insurance Agent","(646) 858-0755","252 W 31st St Fl 4New York, NY 10001","Visit Website","http://www.statefarm.com/","null","null","3","https://www.yellowpages.com/search?search_terms=insurance&geo_location_terms=New%20York%2C%20NY&page=3"
"1649720073-84","https://www.yellowpages.com/search?search_terms=insurance&geo_location_terms=New+York%2C+NY","Kate Rhee - State Farm Insurance Agent","https://www.yellowpages.com/new-york-ny/mip/kate-rhee-state-farm-insurance-agent-534340673","Kate Rhee - State Farm Insurance Agent","(212) 725-2510","315 5th Ave Rm 703BNew York, NY 10016","Visit Website","http://www.krheeinsurance.com/","Email Business","mailto:kate@khreeinsurance.com","3","https://www.yellowpages.com/search?search_terms=insurance&geo_location_terms=New%20York%2C%20NY&page=3"
"1649719556-33","https://www.yellowpages.com/search?search_terms=insurance&geo_location_terms=New+York%2C+NY","Naic","https://www.yellowpages.com/new-york-ny/mip/naic-507232656","Naic","(212) 398-9000","48 Wall St Fl 6New York, NY 10005","Visit Website","http://www.naic.org/","null","null","4","https://www.yellowpages.com/search?search_terms=insurance&geo_location_terms=New%20York%2C%20NY&page=4"
"1649719776-57","https://www.yellowpages.com/search?search_terms=insurance&geo_location_terms=New+York%2C+NY","Hudson Insurance Group","https://www.yellowpages.com/new-york-ny/mip/hudson-insurance-group-482932389","Hudson Insurance Group","(212) 978-2800","100 William St 5th FlNew York, NY 10038","Visit Website","http://www.hudsoninsgroup.com/","Email Business","mailto:HudsonClaims300@hudsoninsgroup.com","4","https://www.yellowpages.com/search?search_terms=insurance&geo_location_terms=New%20York%2C%20NY&page=4"
"1649719701-47","https://www.yellowpages.com/search?search_terms=insurance&geo_location_terms=New+York%2C+NY","Quanta US Holdings Inc","https://www.yellowpages.com/new-york-ny/mip/quanta-us-holdings-inc-473397761","Quanta US Holdings Inc","(212) 373-1800","40 Fulton StNew York, NY 10038","null","null","null","null","4","https://www.yellowpages.com/search?search_terms=insurance&geo_location_terms=New%20York%2C%20NY&page=4"
"1649719404-15","https://www.yellowpages.com/search?search_terms=insurance&geo_location_terms=New+York%2C+NY","RentalCover","https://www.yellowpages.com/new-york-ny/mip/rentalcover-503129984","RentalCover","(347) 625-8694","93 Barrow StNew York, NY 10014","Visit Website","http://rentalcover.com/","Chris at Rental Cover","mailto:chris@rentalcover.com","5","https://www.yellowpages.com/search?search_terms=insurance&geo_location_terms=New%20York%2C%20NY&page=5"
"1649719722-50","https://www.yellowpages.com/search?search_terms=insurance&geo_location_terms=New+York%2C+NY","National General Insurance","https://www.yellowpages.com/new-york-ny/mip/national-general-insurance-483749660","National General Insurance","(212) 380-9500","59 Maiden LnNew York, NY 10038","Visit Website","http://www.nationalgeneral.com/","Email Business","mailto:kristin.keegan@ngic.com","4","https://www.yellowpages.com/search?search_terms=insurance&geo_location_terms=New%20York%2C%20NY&page=4"
"1649719769-56","https://www.yellowpages.com/search?search_terms=insurance&geo_location_terms=New+York%2C+NY","M L W Services Inc","https://www.yellowpages.com/new-york-ny/mip/m-l-w-services-inc-497620153","M L W Services Inc","(212) 797-9600","100 William StNew York, NY 10038","Visit Website","http://www.bollingerinsurance.com/","Email Business","mailto:rwhutchi@mlws.com","4","https://www.yellowpages.com/search?search_terms=insurance&geo_location_terms=New%20York%2C%20NY&page=4"
"1649719561-34","https://www.yellowpages.com/search?search_terms=insurance&geo_location_terms=New+York%2C+NY","Vinar Jacqueline","https://www.yellowpages.com/new-york-ny/mip/vinar-jacqueline-479707629","Vinar Jacqueline","(212) 440-3000","40 Wall St Fl 10New York, NY 10005","null","null","null","null","4","https://www.yellowpages.com/search?search_terms=insurance&geo_location_terms=New%20York%2C%20NY&page=4"
"1649719736-52","https://www.yellowpages.com/search?search_terms=insurance&geo_location_terms=New+York%2C+NY","MetLife","https://www.yellowpages.com/new-york-ny/mip/metlife-456224346","MetLife","(212) 385-2021","11 E BroadwayNew York, NY 10038","Visit Website","http://www.metlife.com/","Email Business","mailto:cscontact@metlifeservice.com","4","https://www.yellowpages.com/search?search_terms=insurance&geo_location_terms=New%20York%2C%20NY&page=4"
"1649720214-95","https://www.yellowpages.com/search?search_terms=insurance&geo_location_terms=New+York%2C+NY","Aditya Inc","https://www.yellowpages.com/new-york-ny/mip/aditya-inc-473985995","Aditya Inc","(212) 440-7070","125 Broad StNew York, NY 10004","Visit Website","http://www.cna.com/","Email Business","mailto:rpandya@ascap.com","2","https://www.yellowpages.com/search?search_terms=insurance&geo_location_terms=New%20York%2C%20NY&page=2"
"1649719863-66","https://www.yellowpages.com/search?search_terms=insurance&geo_location_terms=New+York%2C+NY","Carl Ferraro III - State Farm Insurance Agent","https://www.yellowpages.com/brooklyn-ny/mip/carl-ferraro-iii-state-farm-insurance-agent-559446144","Carl Ferraro III - State Farm Insurance Agent","(718) 576-3710","134 N 4th St Ste 2165Brooklyn, NY 11249","Visit Website","https://www.insurebklyn.com/","Email Business","mailto:carl@carljferraro.com","3","https://www.yellowpages.com/search?search_terms=insurance&geo_location_terms=New%20York%2C%20NY&page=3"
"1649720121-89","https://www.yellowpages.com/search?search_terms=insurance&geo_location_terms=New+York%2C+NY","Financial Guaranty Ins Co","https://www.yellowpages.com/new-york-ny/mip/financial-guaranty-ins-co-2080965","Financial Guaranty Ins Co","(212) 312-3000","115 BroadwayNew York, NY 10006","Visit Website","http://fgic.com/","null","null","3","https://www.yellowpages.com/search?search_terms=insurance&geo_location_terms=New%20York%2C%20NY&page=3"
"1649719662-43","https://www.yellowpages.com/search?search_terms=insurance&geo_location_terms=New+York%2C+NY","Allianz Global Corporate & Specialty","https://www.yellowpages.com/new-york-ny/mip/allianz-global-corporate-specialty-7235466","Allianz Global Corporate & Specialty","(212) 586-7733","28 Liberty St Fl 37New York, NY 10005","Visit Website","http://www.newyorklife.com/","Email Business","mailto:gloria.goldbranson@agcs.allianz.com","4","https://www.yellowpages.com/search?search_terms=insurance&geo_location_terms=New%20York%2C%20NY&page=4"
"1649720039-80","https://www.yellowpages.com/search?search_terms=insurance&geo_location_terms=New+York%2C+NY","Risk & Insurance Management Society Inc","https://www.yellowpages.com/new-york-ny/mip/risk-insurance-management-society-inc-455655927","Risk & Insurance Management Society Inc","(212) 286-9292","1407 BroadwayNew York, NY 10018","Visit Website","http://www.rims.org/","Email Business","mailto:ted.donovan@rims.org","3","https://www.yellowpages.com/search?search_terms=insurance&geo_location_terms=New%20York%2C%20NY&page=3"
"1649719588-37","https://www.yellowpages.com/search?search_terms=insurance&geo_location_terms=New+York%2C+NY","Seneca Insurace Campany Incorporated","https://www.yellowpages.com/new-york-ny/mip/seneca-insurace-campany-incorporated-468287164","Seneca Insurace Campany Incorporated","(212) 344-3000","160 Water St Fl 16New York, NY 10038","Visit Website","http://www.cfins.com/seneca","Email Business","mailto:investor_relations@transre.com","4","https://www.yellowpages.com/search?search_terms=insurance&geo_location_terms=New%20York%2C%20NY&page=4"
"1649719550-32","https://www.yellowpages.com/search?search_terms=insurance&geo_location_terms=New+York%2C+NY","Transatlantic Reinsurance Company","https://www.yellowpages.com/new-york-ny/mip/transatlantic-reinsurance-company-487796996","Transatlantic Reinsurance Company","(212) 365-2200","80 Pine St Fl 9New York, NY 10005","Visit Website","http://www.transre.com/","Email Business","mailto:mmcglockin@transre.com","4","https://www.yellowpages.com/search?search_terms=insurance&geo_location_terms=New%20York%2C%20NY&page=4"
"1649719857-65","https://www.yellowpages.com/search?search_terms=insurance&geo_location_terms=New+York%2C+NY","Topper Brokerage Inc","https://www.yellowpages.com/new-york-ny/mip/topper-brokerage-inc-459499097","Topper Brokerage Inc","(212) 619-0889","321 BroadwayNew York, NY 10007","Visit Website","http://www.tbibonds.com/","Email Business","mailto:dsmith@tbibonds.com","3","https://www.yellowpages.com/search?search_terms=insurance&geo_location_terms=New%20York%2C%20NY&page=3"
"1649720198-94","https://www.yellowpages.com/search?search_terms=insurance&geo_location_terms=New+York%2C+NY","Assurant Inc","https://www.yellowpages.com/new-york-ny/mip/assurant-inc-473221215","Assurant Inc","(212) 859-7000","1 Chase Manhattan Plz Fl 41New York, NY 10005","Visit Website","http://www.assurant.com/","Email Business","mailto:lance.wilson@assurant.com","2","https://www.yellowpages.com/search?search_terms=insurance&geo_location_terms=New%20York%2C%20NY&page=2"
"1649719576-36","https://www.yellowpages.com/search?search_terms=insurance&geo_location_terms=New+York%2C+NY","Crum & Forster Insurance","https://www.yellowpages.com/new-york-ny/mip/crum-forster-insurance-471041856","Crum & Forster Insurance","(212) 277-1660","160 Water St Fl 16New York, NY 10038","Visit Website","http://www.cfins.com/","null","null","4","https://www.yellowpages.com/search?search_terms=insurance&geo_location_terms=New%20York%2C%20NY&page=4"
"1649720059-82","https://www.yellowpages.com/search?search_terms=insurance&geo_location_terms=New+York%2C+NY","Farmers Insurance - Stewart Sytner","https://www.yellowpages.com/new-york-ny/mip/farmers-insurance-stewart-sytner-551143432","Farmers Insurance - Stewart Sytner","(646) 850-3900","249 W 34th St Fl 3New York, NY 10001","Visit Website","https://agents.farmers.com/ny/new-york/stewart-sytner?SourceID=AMPALFYXAG&utm_source=Powerlistings&utm_medium=Local&y_source=1_OTUwMTQyNy01NTMtbG9jYXRpb24ud2Vic2l0ZQ%3D%3D","Email Business","mailto:ssytner@farmersagent.com","3","https://www.yellowpages.com/search?search_terms=insurance&geo_location_terms=New%20York%2C%20NY&page=3"
"1649720129-90","https://www.yellowpages.com/search?search_terms=insurance&geo_location_terms=New+York%2C+NY","Sun Ray Co","https://www.yellowpages.com/new-york-ny/mip/sun-ray-co-467619679","Sun Ray Co","(212) 732-5280","7 Chatham Sq Rm 601New York, NY 10038","Visit Website","https://sunraycorporation.net/","Email Business","mailto:sunrayinsbroker@yahoo.com","3","https://www.yellowpages.com/search?search_terms=insurance&geo_location_terms=New%20York%2C%20NY&page=3"
"1649720176-93","https://www.yellowpages.com/search?search_terms=insurance&geo_location_terms=New+York%2C+NY","W K Webster & Co Ltd","https://www.yellowpages.com/new-york-ny/mip/w-k-webster-co-ltd-19298767","W K Webster & Co Ltd","(212) 269-8220","80 Maiden Ln Rm 302New York, NY 10038","Visit Website","http://www.wkwebster.com/","Email Business","mailto:sclark@wkwebster.com","2","https://www.yellowpages.com/search?search_terms=insurance&geo_location_terms=New%20York%2C%20NY&page=2"
"1649719423-17","https://www.yellowpages.com/search?search_terms=insurance&geo_location_terms=New+York%2C+NY","Qbe Insurance","https://www.yellowpages.com/new-york-ny/mip/qbe-insurance-540644824","Qbe Insurance","(212) 422-1212","55 Water StNew York, NY 10041","Visit Website","https://www.qbe.com/us","null","null","5","https://www.yellowpages.com/search?search_terms=insurance&geo_location_terms=New%20York%2C%20NY&page=5"
"1649719844-63","https://www.yellowpages.com/search?search_terms=insurance&geo_location_terms=New+York%2C+NY","Nationwide Insurance","https://www.yellowpages.com/new-york-ny/mip/nationwide-insurance-470109149","Nationwide Insurance","(212) 513-7126","250 Greenwich StNew York, NY 10007","Visit Website","http://www.nationwide.com/","null","null","3","https://www.yellowpages.com/search?search_terms=insurance&geo_location_terms=New%20York%2C%20NY&page=3"
"1649719885-69","https://www.yellowpages.com/search?search_terms=insurance&geo_location_terms=New+York%2C+NY","Jari Santiago - State Farm Insurance Agent","https://www.yellowpages.com/new-york-ny/mip/jari-santiago-state-farm-insurance-agent-524776738","Jari Santiago - State Farm Insurance Agent","(646) 478-8484","62 Sherman AveNew York, NY 10040","Visit Website","http://www.agentjari.com/","Email Business","mailto:jari@mydutchessagent.com","3","https://www.yellowpages.com/search?search_terms=insurance&geo_location_terms=New%20York%2C%20NY&page=3"
"1649720155-92","https://www.yellowpages.com/search?search_terms=insurance&geo_location_terms=New+York%2C+NY","Summit Coverages Ltd","https://www.yellowpages.com/brooklyn-ny/mip/summit-coverages-ltd-503245473","Summit Coverages Ltd","(718) 467-8733","365 Bridge St Apt 9-proBrooklyn, NY 11201","Visit Website","http://www.summitcoverages.com/","null","null","2","https://www.yellowpages.com/search?search_terms=insurance&geo_location_terms=New%20York%2C%20NY&page=2"
"1649719838-62","https://www.yellowpages.com/search?search_terms=insurance&geo_location_terms=New+York%2C+NY","MassMutual New York City - Manhattan","https://www.yellowpages.com/new-york-ny/mip/massmutual-new-york-city-manhattan-529755607","MassMutual New York City - Manhattan","(212) 515-4700","2 Mott St 9th FlNew York, NY 10013","Visit Website","http://www.greaterhudson.massmutual.com/?y_source=1_mzqwodi0ms01ntmtbg9jyxrpb24ud2vic2l0zq%3d%3d","null","null","3","https://www.yellowpages.com/search?search_terms=insurance&geo_location_terms=New%20York%2C%20NY&page=3"
"1649719365-10","https://www.yellowpages.com/search?search_terms=insurance&geo_location_terms=New+York%2C+NY","Allstate Printing & Packaging","https://www.yellowpages.com/new-york-ny/mip/allstate-printing-packaging-463043826","Allstate Printing & Packaging","(212) 462-4562","1133 BroadwayNew York, NY 10010","Visit Website","http://www.allstateprint.com/","Email Business","mailto:zenithweb@aol.com","5","https://www.yellowpages.com/search?search_terms=insurance&geo_location_terms=New%20York%2C%20NY&page=5"
"1649719398-14","https://www.yellowpages.com/search?search_terms=insurance&geo_location_terms=New+York%2C+NY","Gaston & Associates Inc","https://www.yellowpages.com/new-york-ny/mip/gaston-associates-inc-23095474","Gaston & Associates Inc","(914) 924-3546","100 Bedford StNew York, NY 10014","Visit Website","https://www.bbrown.com/?doing_wp_cron=1542933066.8301110267639160156250","Email Business","mailto:cnydell@gastonassoc.com","5","https://www.yellowpages.com/search?search_terms=insurance&geo_location_terms=New%20York%2C%20NY&page=5"
"1649719491-25","https://www.yellowpages.com/search?search_terms=insurance&geo_location_terms=New+York%2C+NY","Nationwide Insurance","https://www.yellowpages.com/new-york-ny/mip/nationwide-insurance-527815219","Nationwide Insurance","(212) 568-4291","42 BroadwayNew York, NY 10004","Visit Website","http://www.nationwide.com/","null","null","5","https://www.yellowpages.com/search?search_terms=insurance&geo_location_terms=New%20York%2C%20NY&page=5"
"1649719472-22","https://www.yellowpages.com/search?search_terms=insurance&geo_location_terms=New+York%2C+NY","Bernard Fleischer & Son Inc","https://www.yellowpages.com/new-york-ny/mip/bernard-fleischer-son-inc-479802018","Bernard Fleischer & Son Inc","(212) 566-1881","29 BroadwayNew York, NY 10006","Visit Website","http://www.bfbond.com/","null","null","5","https://www.yellowpages.com/search?search_terms=insurance&geo_location_terms=New%20York%2C%20NY&page=5"
"1649719894-70","https://www.yellowpages.com/search?search_terms=insurance&geo_location_terms=New+York%2C+NY","Jewelz Santiago - State Farm Insurance Agent","https://www.yellowpages.com/new-york-ny/mip/jewelz-santiago-state-farm-insurance-agent-480169033","Jewelz Santiago - State Farm Insurance Agent","(646) 524-7484","3657 BroadwayNew York, NY 10031","Visit Website","http://www.agentjewelz.com/","Email Business","mailto:jewelz@agentjewelz.com","3","https://www.yellowpages.com/search?search_terms=insurance&geo_location_terms=New%20York%2C%20NY&page=3"
"1649719594-38","https://www.yellowpages.com/search?search_terms=insurance&geo_location_terms=New+York%2C+NY","Allied World Reinsurance Co","https://www.yellowpages.com/new-york-ny/mip/allied-world-reinsurance-co-463052583","Allied World Reinsurance Co","(646) 794-0500","199 Water St # 24New York, NY 10038","Visit Website","https://www.alliedworldinsurance.com/","Email Business","mailto:info@awac.com","4","https://www.yellowpages.com/search?search_terms=insurance&geo_location_terms=New%20York%2C%20NY&page=4"
"1649719850-64","https://www.yellowpages.com/search?search_terms=insurance&geo_location_terms=New+York%2C+NY","Allstate Personal Financial Representative: Patrick Kraal","https://www.yellowpages.com/new-york-ny/mip/allstate-personal-financial-representative-patrick-kraal-567893175","Allstate Personal Financial Representative: Patrick Kraal","(415) 519-0469","217 Broadway Rm 309New York, NY 10007","Visit Website","https://agents.allstate.com/patrick-kraal-new-york-ny.html","Email Business","mailto:patrickkraal@allstate.com","3","https://www.yellowpages.com/search?search_terms=insurance&geo_location_terms=New%20York%2C%20NY&page=3"
"1649719333-5","https://www.yellowpages.com/search?search_terms=insurance&geo_location_terms=New+York%2C+NY","The Drake Insurance Agency","https://www.yellowpages.com/new-york-ny/mip/the-drake-insurance-agency-12116157","The Drake Insurance Agency","(212) 683-9898","830 Avenue Of The AmericasNew York, NY 10001","Visit Website","https://www.thedrakeagency.com/","Email Business","mailto:Adam@thedrakeagency.com","5","https://www.yellowpages.com/search?search_terms=insurance&geo_location_terms=New%20York%2C%20NY&page=5"
"1649719798-60","https://www.yellowpages.com/search?search_terms=insurance&geo_location_terms=New+York%2C+NY","Insurance Information Institute","https://www.yellowpages.com/new-york-ny/mip/insurance-information-institute-496615097","Insurance Information Institute","(212) 346-5500","110 William StNew York, NY 10038","Visit Website","http://www.iii.org/","Email Business","mailto:publications@iii.org","4","https://www.yellowpages.com/search?search_terms=insurance&geo_location_terms=New%20York%2C%20NY&page=4"
"1649720114-88","https://www.yellowpages.com/search?search_terms=insurance&geo_location_terms=New+York%2C+NY","Farmers Insurance - Yubao Dai","https://www.yellowpages.com/new-york-ny/mip/farmers-insurance-yubao-dai-531566291","Farmers Insurance - Yubao Dai","(347) 732-4049","47 E Broadway Rm 208New York, NY 10002","Visit Website","https://agents.farmers.com/ny/new-york/yubao-dai?SourceID=AMPALFYXAG&utm_source=Powerlistings&utm_medium=Local&y_source=1_Mjk5MzUwNi01NTMtbG9jYXRpb24ud2Vic2l0ZQ%3D%3D","Email Business","mailto:ydai@farmersagent.com","3","https://www.yellowpages.com/search?search_terms=insurance&geo_location_terms=New%20York%2C%20NY&page=3"
"1649719544-31","https://www.yellowpages.com/search?search_terms=insurance&geo_location_terms=New+York%2C+NY","LIFE 143","https://www.yellowpages.com/new-york-ny/mip/life-143-537372684","LIFE 143","(718) 878-6484","61 Broadway Rm 2770New York, NY 10006","Visit Website","http://www.life143.net/","Email Business","mailto:info@life143.com","4","https://www.yellowpages.com/search?search_terms=insurance&geo_location_terms=New%20York%2C%20NY&page=4"
"1649719532-30","https://www.yellowpages.com/search?search_terms=insurance&geo_location_terms=New+York%2C+NY","Gotham Brokerage Co., Inc.","https://www.yellowpages.com/new-york-ny/mip/gotham-brokerage-co-inc-459500023","Gotham Brokerage Co., Inc.","(212) 406-7300","1 Exchange PlzNew York, NY 10006","Visit Website","http://www.gothambrokerage.com/","Email Business","mailto:jeffs@gothambrokerage.com","5","https://www.yellowpages.com/search?search_terms=insurance&geo_location_terms=New%20York%2C%20NY&page=5"
"1649719412-16","https://www.yellowpages.com/search?search_terms=insurance&geo_location_terms=New+York%2C+NY","York Risk Service Group","https://www.yellowpages.com/new-york-ny/mip/york-risk-service-group-503050171","York Risk Service Group","(646) 313-4040","1 Whitehall StNew York, NY 10004","Visit Website","http://yorkrsg.com/","null","null","5","https://www.yellowpages.com/search?search_terms=insurance&geo_location_terms=New%20York%2C%20NY&page=5"
"1649719623-40","https://www.yellowpages.com/search?search_terms=insurance&geo_location_terms=New+York%2C+NY","Argo Group US","https://www.yellowpages.com/new-york-ny/mip/argo-group-us-480947803","Argo Group US","(212) 732-2602","127 John StNew York, NY 10038","Visit Website","http://argolimited.com/","null","null","4","https://www.yellowpages.com/search?search_terms=insurance&geo_location_terms=New%20York%2C%20NY&page=4"
"1649719696-46","https://www.yellowpages.com/search?search_terms=insurance&geo_location_terms=New+York%2C+NY","New York Life Insurance","https://www.yellowpages.com/new-york-ny/mip/new-york-life-insurance-21090261","New York Life Insurance","(212) 323-3020","7 Division StNew York, NY 10002","Visit Website","http://www.newyorklife.com/","null","null","4","https://www.yellowpages.com/search?search_terms=insurance&geo_location_terms=New%20York%2C%20NY&page=4"
"1649719967-74","https://www.yellowpages.com/search?search_terms=insurance&geo_location_terms=New+York%2C+NY","Barbara Grimaldi: Allstate Insurance","https://www.yellowpages.com/new-york-ny/mip/barbara-grimaldi-allstate-insurance-543703091","Barbara Grimaldi: Allstate Insurance","(212) 759-3920","227 E 56th St Rm 300New York, NY 10022","null","null","null","null","3","https://www.yellowpages.com/search?search_terms=insurance&geo_location_terms=New%20York%2C%20NY&page=3"
"1649719602-39","https://www.yellowpages.com/search?search_terms=insurance&geo_location_terms=New+York%2C+NY","Aon Consulting","https://www.yellowpages.com/new-york-ny/mip/aon-consulting-479742123","Aon Consulting","(212) 441-2000","199 Water StNew York, NY 10038","Visit Website","http://www.aon.com/","null","null","4","https://www.yellowpages.com/search?search_terms=insurance&geo_location_terms=New%20York%2C%20NY&page=4"
"1649719730-51","https://www.yellowpages.com/search?search_terms=insurance&geo_location_terms=New+York%2C+NY","New South Insurance Co","https://www.yellowpages.com/new-york-ny/mip/new-south-insurance-co-462706021","New South Insurance Co","(212) 380-9500","59 Maiden LnNew York, NY 10038","Visit Website","http://nationalgeneral.com/","Email Business","mailto:commissioner@sic.state.ny.us","4","https://www.yellowpages.com/search?search_terms=insurance&geo_location_terms=New%20York%2C%20NY&page=4"
"1649719905-71","https://www.yellowpages.com/search?search_terms=insurance&geo_location_terms=New+York%2C+NY","Farmers Insurance - George Sainteus","https://www.yellowpages.com/new-york-ny/mip/farmers-insurance-george-sainteus-558921496","Farmers Insurance - George Sainteus","(212) 920-6935","2374 Adam Clayton Powell Jr Blvd Fl 2New York, NY 10030","Visit Website","https://agents.farmers.com/ny/new-york/george-sainteus?SourceID=AMPALFYXAG&utm_source=Powerlistings&utm_medium=Local&y_source=1_MzgxMjU2My01NTMtbG9jYXRpb24ud2Vic2l0ZQ%3D%3D","Email Business","mailto:gsainteus@farmersagent.com","3","https://www.yellowpages.com/search?search_terms=insurance&geo_location_terms=New%20York%2C%20NY&page=3"
"1649719485-24","https://www.yellowpages.com/search?search_terms=insurance&geo_location_terms=New+York%2C+NY","Atlantic Agents","https://www.yellowpages.com/new-york-ny/mip/atlantic-agents-495884458","Atlantic Agents","(212) 785-8146","95 Wall St Apt 1101New York, NY 10005","Visit Website","http://www.atlantic-agents.com/","null","null","5","https://www.yellowpages.com/search?search_terms=insurance&geo_location_terms=New%20York%2C%20NY&page=5"
"1649720092-86","https://www.yellowpages.com/search?search_terms=insurance&geo_location_terms=New+York%2C+NY","New York Life Insurance Company","https://www.yellowpages.com/new-york-ny/mip/new-york-life-insurance-company-10888941","New York Life Insurance Company","(212) 576-7000","51 Madison AveNew York, NY 10010","Visit Website","http://www.newyorklife.com/","Email Business","mailto:agd123@aol.com","3","https://www.yellowpages.com/search?search_terms=insurance&geo_location_terms=New%20York%2C%20NY&page=3"
"1649719514-28","https://www.yellowpages.com/search?search_terms=insurance&geo_location_terms=New+York%2C+NY","Nausch Hogan & Murray Inc","https://www.yellowpages.com/new-york-ny/mip/nausch-hogan-murray-inc-503292758","Nausch Hogan & Murray Inc","(212) 480-4200","180 Maiden LnNew York, NY 10038","Visit Website","http://www.nhmurray.com/","Email Business","mailto:cdavis@nhmurray.com","5","https://www.yellowpages.com/search?search_terms=insurance&geo_location_terms=New%20York%2C%20NY&page=5"
"1649720147-91","https://www.yellowpages.com/search?search_terms=insurance&geo_location_terms=New+York%2C+NY","J & S Coverage Inc","https://www.yellowpages.com/new-york-ny/mip/j-s-coverage-inc-29611945","J & S Coverage Inc","(212) 941-1813","109 Lafayette St Rm 705New York, NY 10013","Visit Website","http://www.jnscoverage.com/","Email Business","mailto:slin906954@aol.com","2","https://www.yellowpages.com/search?search_terms=insurance&geo_location_terms=New%20York%2C%20NY&page=2"
"1649719429-18","https://www.yellowpages.com/search?search_terms=insurance&geo_location_terms=New+York%2C+NY","Hip Health Plan of New York","https://www.yellowpages.com/new-york-ny/mip/hip-health-plan-of-new-york-451911113","Hip Health Plan of New York","(646) 447-5000","55 Water StNew York, NY 10041","Visit Website","http://emblemhealth.com/","null","null","5","https://www.yellowpages.com/search?search_terms=insurance&geo_location_terms=New%20York%2C%20NY&page=5"
"1649719380-12","https://www.yellowpages.com/search?search_terms=insurance&geo_location_terms=New+York%2C+NY","Nationwide Wholesale Mortgage","https://www.yellowpages.com/new-york-ny/mip/nationwide-wholesale-mortgage-469901394","Nationwide Wholesale Mortgage","(212) 947-3045","2 Penn PlzNew York, NY 10121","Visit Website","http://www.nationwide.com/","null","null","5","https://www.yellowpages.com/search?search_terms=insurance&geo_location_terms=New%20York%2C%20NY&page=5"
"1649719949-73","https://www.yellowpages.com/search?search_terms=insurance&geo_location_terms=New+York%2C+NY","Robert L Stevenson II - State Farm Insurance Agent","https://www.yellowpages.com/new-york-ny/mip/robert-l-stevenson-ii-state-farm-insurance-agent-457331841","Robert L Stevenson II - State Farm Insurance Agent","(212) 397-0580","200 Central Park S Apt 110New York, NY 10019","null","null","null","null","3","https://www.yellowpages.com/search?search_terms=insurance&geo_location_terms=New%20York%2C%20NY&page=3"
"1649719317-3","https://www.yellowpages.com/search?search_terms=insurance&geo_location_terms=New+York%2C+NY","Paramount Insurance Co","https://www.yellowpages.com/new-york-ny/mip/paramount-insurance-co-482120505","Paramount Insurance Co","(212) 591-9500","1 Park Ave 15th FlNew York, NY 10016","Visit Website","http://www.mcarta.com/en/welcome.jsp","Email Business","mailto:claims@mcarta.com","5","https://www.yellowpages.com/search?search_terms=insurance&geo_location_terms=New%20York%2C%20NY&page=5"
"1649719304-1","https://www.yellowpages.com/search?search_terms=insurance&geo_location_terms=New+York%2C+NY","B David Kane Agency Inc","https://www.yellowpages.com/new-york-ny/mip/b-david-kane-agency-inc-495390740","B David Kane Agency Inc","(212) 481-4800","171 Madison Ave Rm 1000New York, NY 10016","Visit Website","http://xtend.com/","Email Business","mailto:mbutler@butlerkane.com","5","https://www.yellowpages.com/search?search_terms=insurance&geo_location_terms=New%20York%2C%20NY&page=5"
"1649719782-58","https://www.yellowpages.com/search?search_terms=insurance&geo_location_terms=New+York%2C+NY","State Farm Insurance","https://www.yellowpages.com/new-york-ny/mip/state-farm-insurance-7670660","State Farm Insurance","(212) 966-5008","265 Canal St Ste 517New York, NY 10013","Visit Website","http://www.statefarm.com/","null","null","4","https://www.yellowpages.com/search?search_terms=insurance&geo_location_terms=New%20York%2C%20NY&page=4"
"1649720008-76","https://www.yellowpages.com/search?search_terms=insurance&geo_location_terms=New+York%2C+NY","Lloyds Planning Services","https://www.yellowpages.com/new-york-ny/mip/lloyds-planning-services-512787324","Lloyds Planning Services","(212) 689-0431","51 E 42nd St Rm 415New York, NY 10017","Visit Website","http://www.lloydsplanningllc.com/","Email Business","mailto:jla@atalantasosnoff.com","3","https://www.yellowpages.com/search?search_terms=insurance&geo_location_terms=New%20York%2C%20NY&page=3"
"1649719346-7","https://www.yellowpages.com/search?search_terms=insurance&geo_location_terms=New+York%2C+NY","Campbell Solberg Associates, Inc.","https://www.yellowpages.com/new-york-ny/mip/campbell-solberg-associates-inc-479704262","Campbell Solberg Associates, Inc.","(212) 843-4343","129 W 27th StNew York, NY 10001","Visit Website","http://campbellsolberg.com/","Email Business","mailto:rsolberg@campbellsolberg.com","5","https://www.yellowpages.com/search?search_terms=insurance&geo_location_terms=New%20York%2C%20NY&page=5"
"1649719434-19","https://www.yellowpages.com/search?search_terms=insurance&geo_location_terms=New+York%2C+NY","World Insurance Associates","https://www.yellowpages.com/new-york-ny/mip/world-insurance-associates-561272573","World Insurance Associates","(212) 279-7700","85 Broad St 18th FlNew York, NY 10004","Visit Website","https://locations.worldinsurance.com/world-insurance-associates-llc-90e2a5dbeb9d?y_source=1_MjIyNTg0NDktNTUzLWxvY2F0aW9uLndlYnNpdGU%3D","null","null","5","https://www.yellowpages.com/search?search_terms=insurance&geo_location_terms=New%20York%2C%20NY&page=5"
"1649719822-61","https://www.yellowpages.com/search?search_terms=insurance&geo_location_terms=New+York%2C+NY","Lee Harold L & Sons Inc","https://www.yellowpages.com/new-york-ny/mip/lee-harold-l-sons-inc-2938162","Lee Harold L & Sons Inc","(212) 962-6656","31 Pell StNew York, NY 10013","Visit Website","http://www.leeins.com/","Email Business","mailto:mail@leeins.com","3","https://www.yellowpages.com/search?search_terms=insurance&geo_location_terms=New%20York%2C%20NY&page=3"
"1649720225-96","https://www.yellowpages.com/search?search_terms=insurance&geo_location_terms=New+York%2C+NY","American Transit Insurance","https://www.yellowpages.com/brooklyn-ny/mip/american-transit-insurance-471892617","American Transit Insurance","(212) 857-8200","1 Metrotech Ctr Fl 7Brooklyn, NY 11201","Visit Website","http://www.american-transit.com/","Email Business","mailto:businessdevelopmentgroup@american-transit.com","2","https://www.yellowpages.com/search?search_terms=insurance&geo_location_terms=New%20York%2C%20NY&page=2"
"1649719450-20","https://www.yellowpages.com/search?search_terms=insurance&geo_location_terms=New+York%2C+NY","CPS Dental","https://www.yellowpages.com/new-york-ny/mip/cps-dental-451913517","CPS Dental","(212) 675-5745","11 Hanover Sq Fl 8New York, NY 10005","Visit Website","https://www.cpsdentalinc.com/","Email Business","mailto:udcsps@mail.idt.net","5","https://www.yellowpages.com/search?search_terms=insurance&geo_location_terms=New%20York%2C%20NY&page=5"
"1649719373-11","https://www.yellowpages.com/search?search_terms=insurance&geo_location_terms=New+York%2C+NY","State Farm: Kevin Leong","https://www.yellowpages.com/new-york-ny/mip/state-farm-kevin-leong-479805577","State Farm: Kevin Leong","(212) 807-1700","134 W 20th StNew York, NY 10011","Visit Website","https://www.statefarm.com/agent/US/NY/New-York/Kevin-Leong-FKYNP1YS000","Email Business","mailto:kyong@krheeinsurance.com","5","https://www.yellowpages.com/search?search_terms=insurance&geo_location_terms=New%20York%2C%20NY&page=5"
"1649719878-68","https://www.yellowpages.com/search?search_terms=insurance&geo_location_terms=New+York%2C+NY","Nationwide Insurance: Jo Ann Prescott","https://www.yellowpages.com/brooklyn-ny/mip/nationwide-insurance-jo-ann-prescott-526877150","Nationwide Insurance: Jo Ann Prescott","(718) 627-9300","81 Prospect StBrooklyn, NY 11201","Visit Website","https://agency.nationwide.com/jo-ann-prescott-in-brooklyn-ny","Email Business","mailto:joann_prescott1_agency@nwagent.com","3","https://www.yellowpages.com/search?search_terms=insurance&geo_location_terms=New%20York%2C%20NY&page=3"
"1649719311-2","https://www.yellowpages.com/search?search_terms=insurance&geo_location_terms=New+York%2C+NY","Albert G Ruben & Co Inc","https://www.yellowpages.com/new-york-ny/mip/albert-g-ruben-co-inc-473993562","Albert G Ruben & Co Inc","(212) 627-7400","171 Madison AveNew York, NY 10016","Visit Website","http://www.aon.com/","Email Business","mailto:ruben@aon.com","5","https://www.yellowpages.com/search?search_terms=insurance&geo_location_terms=New%20York%2C%20NY&page=5"
"1649719464-21","https://www.yellowpages.com/search?search_terms=insurance&geo_location_terms=New+York%2C+NY","Schaefer Insurance","https://www.yellowpages.com/new-york-ny/mip/schaefer-insurance-456424452","Schaefer Insurance","(212) 925-9070","73 Spring StNew York, NY 10012","Visit Website","http://schaeferinsurance.com/","null","null","5","https://www.yellowpages.com/search?search_terms=insurance&geo_location_terms=New%20York%2C%20NY&page=5"
"1649719567-35","https://www.yellowpages.com/search?search_terms=insurance&geo_location_terms=New+York%2C+NY","Hanlon Agency","https://www.yellowpages.com/new-york-ny/mip/hanlon-agency-560918180","Hanlon Agency","(212) 920-7910","30 Wall St 8th FlNew York, NY 10005","Visit Website","https://www.hanlonagency.com/","null","null","4","https://www.yellowpages.com/search?search_terms=insurance&geo_location_terms=New%20York%2C%20NY&page=4"
